cost	target-start	target-end	target-length	left-primer-start	left-primer-num-primers	left-primer-frac-bound	left-primer-target-sequences	right-primer-start	right-primer-num-primers	right-primer-frac-bound	right-primer-target-sequences	num-guides	total-frac-bound-by-guides	guide-target-sequences	guide-target-sequence-positions
2.5126942636811997	316	404	88	316	1	1.0	TAGTCTAACTGATCCTACTGCCATACAGTT	374	1	1.0	TCTGCTAGGCCTGGTGAGCATGTTATGGAT	1	1.0	CCTAGGCAATTATAAACTGAACTTTCGT	{346}
2.5126942636811997	426	514	88	426	1	1.0	TTGAAGGTTTGTTTGGTGTACAACCCTATG	484	1	1.0	TGCTAGTTGGTCTGACACTAAGACTTCTTT	1	1.0	CTCGCGTTATAAGGGATCTTATTCGCGA	{456}
2.5126942636811997	833	921	88	833	1	1.0	CCCACATTGCAGATTGGAGACTTAGTTATG	891	1	1.0	TTGGTGGCTTGACTCACTTTTCTGGTCGAA	1	1.0	TGGAAGTGTGCCACAGCTAAACGTGATG	{863}
2.5126942636811997	1055	1143	88	1055	1	1.0	GATATACCTTTTTACCTACCCATCGTAGGG	1113	1	1.0	CATCTGGTACACCTATGGCTCCCACTAGGG	1	1.0	TCAAAGGTTTTATTATCTGCACATCGGG	{1085}
2.5126942636811997	1134	1222	88	1134	1	1.0	CCACTAGGGTTGTTTTTCATACTGAACCTG	1192	1	1.0	ACAGACACTCTTGAATGATGCTGTGGTAGA	1	1.0	ATGCAGACTTTAAATTGTTTATTGCAGC	{1164}
2.5126942636811997	1405	1493	88	1405	1	1.0	GGTTATACCCTGGTTGTCAGAATTGATAAC	1463	1	1.0	TCTAGCACGCTGGTGTGGGCCATAACTCGA	1	1.0	TGTCCTTAATGATTGGGCTCAGAATGTG	{1435}
2.5126942636811997	1676	1764	88	1676	1	1.0	GAGCAATCTGCATTGTTTGTCGTGGATGGT	1734	1	1.0	TTGGACTAACTACATGTGCCTATGGAGTAG	1	1.0	ACGTTTGTGGTTTTGCAGGCTGTTGATG	{1706}
2.5126942636811997	1862	1950	88	1862	1	1.0	ATTGTCACTTGCCCATATGATGGTGAAAAC	1920	1	1.0	TGGGTGGTTCTGATGATGCATTAACTAATC	1	1.0	ATCTTAATTGGTAAGAGAGCTTACAAAT	{1892}
2.5126942636811997	1989	2077	88	1989	1	1.0	GAGTCTATTTGACTGCACCTACAGAGCATG	2047	1	1.0	TTTTGACAATGGCGAGCCCGTCTTTAAGGG	1	1.0	CTAGAGATTTGTTAAAGAGTAATGTGTG	{2019}
2.5126942636811997	2129	2217	88	2129	1	1.0	ATGTGCAACTTTATAGGACCAGTGTCTGAT	2187	1	1.0	AGTTGAATGCACCTATTCAGAATCTCGATG	1	1.0	CAGTGTTTGAAAACAGCCTTGTCTAAGA	{2159}
2.5126942636811997	2697	2785	88	2697	1	1.0	CTGACTCTGACGAGTGGCAACCGGTTCCTG	2755	1	1.0	CTCAGTTGATACTGATGACGAAATTGCGTC	1	1.0	GTGATGAGTCTGATAATGAAAATCAATG	{2727}
2.5126942636811997	2754	2842	88	2754	1	1.0	GCTCAGTTGATACTGATGACGAAATTGCGT	2812	1	1.0	CCCTGAAGTCGAAGTTGTTACTGATTCTGA	1	1.0	CTCAGATGGAGAAACAACATAATTTAGA	{2784}
2.5126942636811997	2836	2924	88	2836	1	1.0	TTCTGATGAGCGCCAAGGTGATGAGTCTGA	2894	1	1.0	AGTGAAACTGATACAGGTGAACCACCTGTA	1	1.0	TATTCTTGTTGAAGAGACTGATGACTCT	{2866}
2.5126942636811997	2956	3044	88	2956	1	1.0	CTATCCTGTTGTTGGCGTGCCTTCAAATAC	3014	1	1.0	ACCTCTGTAGTGGTTAGAGAGAATGCTATT	1	1.0	TACAATATCCATACATGTAGGTGATCTT	{2986}
2.5126942636811997	2992	3080	88	2992	1	1.0	ATCCATACATGTAGGTGATCTTACCTCTGT	3050	1	1.0	AACCCTGCAAACCCACAGTTGACTAATGGA	1	1.0	AGTGGTTAGAGAGAATGCTATTTTAGTG	{3022}
2.5126942636811997	3032	3120	88	3032	1	1.0	GAGAATGCTATTTTAGTGAACCCTGCAAAC	3090	1	1.0	CTAAAGCTATAGCTCAACTTGCAGGTCCTG	1	1.0	CCACAGTTGACTAATGGAGGGGGTGCAG	{3062}
2.5126942636811997	3089	3177	88	3089	1	1.0	GCTAAAGCTATAGCTCAACTTGCAGGTCCT	3147	1	1.0	CACCTATAAAAGGTTTATTTGTGACGCCAC	1	1.0	GTGTATCAGAGGTACTGCAATGAAAATG	{3119}
2.5126942636811997	3125	3213	88	3125	1	1.0	CAGAGGTACTGCAATGAAAATGCACCTATA	3183	1	1.0	ACGCAGTCAAGTATGGGTACTCGTGTATTG	1	1.0	AAAGGTTTATTTGTGACGCCACCATTTG	{3155}
2.5126942636811997	3168	3256	88	3168	1	1.0	TGACGCCACCATTTGACGCAGTCAAGTATG	3226	1	1.0	TCCAACTGGAAAGTCTGGTGATGTTAAATC	1	1.0	GGTACTCGTGTATTGCCCATATTGTACC	{3198}
2.5126942636811997	3209	3297	88	3209	1	1.0	ATTGCCCATATTGTACCTCCAACTGGAAAG	3267	1	1.0	AGGCATACAAGGATGTCTTAGTTAGTCCTG	1	1.0	TCTGGTGATGTTAAATCAAAGTTGTACC	{3239}
